<?xml version="1.0" encoding="utf-8" standalone="yes"?>
<rss version="2.0" xmlns:atom="http://www.w3.org/2005/Atom">
  <channel>
    <title>Categories on Gawebukusijitil - Cetak Buku Satuan</title>
    <link>https://gawebukusijitil.web.id/categories/</link>
    <description>Recent content in Categories on Gawebukusijitil - Cetak Buku Satuan</description>
    <generator>Hugo</generator>
    <language>en-us</language>
    <atom:link href="https://gawebukusijitil.web.id/categories/index.xml" rel="self" type="application/rss+xml" />
  </channel>
</rss>
